Workbook

Sheet Trade_Data
A1: Trade ID | B1: Security | C1: Internal Qty | D1: Counterparty Qty | E1: Internal Price | F1: Counterparty Price | G1: Internal Settlement Date | H1: Counterparty Settlement Date | I1: Quantity Check | J1: Price Check | K1: Settlement Check | L1: Final Status | M1: Quantity Difference | N1: Price Difference | O1: Settlement Difference
A2: T001 | B2: ABC Ltd | C2: 100 | D2: 100 | E2: 250 | F2: 250 | G2: 46285 | H2: 46285 | I2: =IF(C2=D2,"Match","Quantity Break") -> Match | J2: =IF(E2=F2,"Match","Price Break") -> Match | K2: =IF(G2=H2,"Match","Settlement Date Break") -> Match | L2: =IF(AND(I2="Match",J2="Match",K2="Match"),"MATCH","BREAK") -> MATCH | M2: =C2-D2 -> 0 | N2: =E2-F2 -> 0 | O2: =G2-H2 -> 0
A3: T002 | B3: XYZ Ltd | C3: 500 | D3: 520 | E3: 250 | F3: 250 | G3: 46285 | H3: 46285 | I3: =IF(C3=D3,"Match","Quantity Break") -> Quantity Break | J3: =IF(E3=F3,"Match","Price Break") -> Match | K3: =IF(G3=H3,"Match","Settlement Date Break") -> Match | L3: =IF(AND(I3="Match",J3="Match",K3="Match"),"MATCH","BREAK") -> BREAK | M3: =C3-D3 -> -20 | N3: =E3-F3 -> 0 | O3: =G3-H3 -> 0
A4: T003 | B4: PQR Ltd | C4: 200 | D4: 200 | E4: 250 | F4: 255 | G4: 46286 | H4: 46286 | I4: =IF(C4=D4,"Match","Quantity Break") -> Match | J4: =IF(E4=F4,"Match","Price Break") -> Price Break | K4: =IF(G4=H4,"Match","Settlement Date Break") -> Match | L4: =IF(AND(I4="Match",J4="Match",K4="Match"),"MATCH","BREAK") -> BREAK | M4: =C4-D4 -> 0 | N4: =E4-F4 -> -5 | O4: =G4-H4 -> 0
A5: T004 | B5: DEF Ltd | C5: 300 | D5: 300 | E5: 180 | F5: 180 | G5: 46285 | H5: 46287 | I5: =IF(C5=D5,"Match","Quantity Break") -> Match | J5: =IF(E5=F5,"Match","Price Break") -> Match | K5: =IF(G5=H5,"Match","Settlement Date Break") -> Settlement Date Break | L5: =IF(AND(I5="Match",J5="Match",K5="Match"),"MATCH","BREAK") -> BREAK | M5: =C5-D5 -> 0 | N5: =E5-F5 -> 0 | O5: =G5-H5 -> -2

Sheet Exception_Report
A1: Trade ID | B1: Security | C1: Break Type | D1: Difference | E1: Possible Reason | F1: Suggested Action
A2: T002 | B2: XYZ Ltd | C2: Quantity Break | D2: -20 | E2: =IFERROR(INDEX(AI_Break_Investigation!$D$2:$D$100,MATCH(A2,AI_Break_Investigation!$A$2:$A$100,0)),"") -> Possible trade booking or allocation quantity mismatch. | F2: =IFERROR(INDEX(AI_Break_Investigation!$E$2:$E$100,MATCH(A2,AI_Break_Investigation!$A$2:$A$100,0)),"") -> Verify the trade confirmation and compare the booked quantity with the counterparty confirmation.
A3: T003 | B3: PQR Ltd | C3: Price Break | D3: -5 | E3: =IFERROR(INDEX(AI_Break_Investigation!$D$2:$D$100,MATCH(A3,AI_Break_Investigation!$A$2:$A$100,0)),"") -> Possible price discrepancy between internal and counterparty records. | F3: =IFERROR(INDEX(AI_Break_Investigation!$E$2:$E$100,MATCH(A3,AI_Break_Investigation!$A$2:$A$100,0)),"") -> Check the trade confirmation, execution price and source trade record.
A4: T004 | B4: DEF Ltd | C4: Settlement Date Break | D4: -2 | E4: =IFERROR(INDEX(AI_Break_Investigation!$D$2:$D$100,MATCH(A4,AI_Break_Investigation!$A$2:$A$100,0)),"") -> Possible settlement instruction or settlement-date mismatch. | F4: =IFERROR(INDEX(AI_Break_Investigation!$E$2:$E$100,MATCH(A4,AI_Break_Investigation!$A$2:$A$100,0)),"") -> Verify the agreed settlement date and check the settlement instructions.

Sheet Dashboard
A1: Trade Reconciliation Dashboard
A3: Total Trades | B3: =COUNTA(Trade_Data!A2:A5) -> 4
A4: Matched Trades | B4: =COUNTIF(Trade_Data!L2:L5,"MATCH") -> 1
A5: Total Breaks | B5: =COUNTIF(Trade_Data!L2:L5,"BREAK") -> 3
A6: Quantity Breaks | B6: =COUNTIF(Trade_Data!I2:I5,"Quantity Break") -> 1
A7: Price Breaks | B7: =COUNTIF(Trade_Data!J2:J5,"Price Break") -> 1
A8: Settlement Breaks | B8: =COUNTIF(Trade_Data!K2:K5,"Settlement Date Break") -> 1
A10: Match Rate | B10: =IF(B3=0,0,B4/B3) -> 0.25
A12: Generated from Trade_Data (live formulas — updates automatically as rows are added)

Sheet AI_Break_Investigation
A1: Trade ID | B1: Break Type | C1: Difference | D1: Possible Reason | E1: Suggested Action
A2: T002 | B2: Quantity Break | C2: -20 | D2: Possible trade booking or allocation quantity mismatch. | E2: Verify the trade confirmation and compare the booked quantity with the counterparty confirmation.
A3: T003 | B3: Price Break | C3: -5 | D3: Possible price discrepancy between internal and counterparty records. | E3: Check the trade confirmation, execution price and source trade record.
A4: T004 | B4: Settlement Date Break | C4: -2 | D4: Possible settlement instruction or settlement-date mismatch. | E4: Verify the agreed settlement date and check the settlement instructions.
